RSK,RSKF,VPM,TMK,UPM,TXK,TNK,TGK,evapo_p,evapo_r,soil_moist
0,0,150,17.1,7700,22.6,11.4,9.7,16.5034965034965,12.9090909090909,79.972027972028
0,0,170,19.6,7500,25.1,14.8,12.6,18.7902097902098,13.3986013986014,79.041958041958
5.2,4,155,16.7,8200,21.6,11.9,10.1,13.1818181818182,13,80.7272727272727
0,0,127,14,8000,16.8,11.4,9.8,11.8601398601399,9,80.1888111888112
0,0,130,13.9,8200,17.1,11.6,9.3,10.6713286713287,9,80
0,0,129,15,7600,20,11.3,9,14,11,79.2937062937063
0,0,151,17.3,7700,21.4,13.5,11.6,14.5874125874126,11.3706293706294,78.958041958042
0,4,142,14.6,8500,17.9,11.9,10.2,11.2657342657343,9,78.5874125874126
0,4,164,16.9,8500,19.6,14.4,11.9,11.0559440559441,9,79.2097902097902
0,0,152,18.2,7400,23,14.4,12.9,16,12,78.3916083916084
2.9,4,141,19.7,6100,22.8,16.5,13.2,19,13.993006993007,78.6223776223776
8,4,171,16.3,9300,19.5,14.6,14.3,10.1328671328671,10,83.0909090909091
18.8,4,178,19.5,8000,24.3,16.6,16,21.041958041958,19.1958041958042,86.8671328671329
2.2,4,112,11.8,8000,19,6.7,5,16.5874125874126,16,90.0909090909091
0.3,4,88,7.2,8700,11.2,4.4,2.9,10,9.05594405594406,89.9440559440559
0,0,89,7.4,8700,12.1,3.7,1.9,7.00699300699301,6,89.0769230769231
0,0,88,8.1,8200,12.8,5.2,3.5,8.03496503496504,7,87.9300699300699
11.2,4,87,9,7600,14.3,4.2,2.6,10,10,89.8811188811189
0.9,4,153,14.7,9100,18.7,11.2,11,7.92307692307692,7.55244755244755,93.1608391608392
20.2,4,144,12.9,9700,14.1,11.7,9.5,7.48251748251748,7.05594405594406,101.202797202797
0.1,4,124,13.7,7900,16.8,11.8,9.6,14.986013986014,14.958041958042,101.300699300699
0.5,4,122,12.9,8300,14.9,11.6,10.2,8.97902097902098,8.73426573426574,99.8461538461538
1.8,4,120,11.8,8700,14.7,8.9,6.1,6,6,99.2377622377622
2.4,4,123,11.8,8900,14.2,9.1,6.6,7,7,98.6713286713287
12.7,4,114,9.9,9300,12.1,7.6,5.1,5.02097902097902,5.02097902097902,103.412587412587
0.2,4,113,10.1,9100,13,8.6,6.9,5,5,102.636363636364
13.1,4,121,10.2,9700,11.8,8.9,6.9,6.06993006993007,6.06993006993007,106.181818181818
4,4,120,11.2,9000,15,8.9,7.5,8.26573426573426,8.24475524475525,105.874125874126
1,4,123,13.4,8000,16.6,12,9.4,13.048951048951,13.006993006993,105.895104895105
13.2,4,125,13,8300,15.8,10.9,8.3,7,7,107.412587412587
2.6,4,119,10.9,9100,13.4,9.8,9.4,8.95104895104895,8.94405594405594,107.083916083916
0.4,4,119,12.4,8300,15.9,10.5,7.9,10.5874125874126,10.5454545454545,105.902097902098
2.7,4,97,12.1,6900,15.2,8.3,7.8,14.048951048951,14.013986013986,104
0,0,88,9.6,7300,12.3,7.4,4.6,9.5944055944056,9.35664335664336,101.93006993007
3.9,4,93,9.4,7900,11.4,7.2,4.3,8.27272727272727,8.27272727272727,102.335664335664
5.1,4,109,10,8900,11.6,9.1,7.1,11.8111888111888,11.8111888111888,104.398601398601
0,0,98,10.2,7900,12.9,8.5,6.1,8.3986013986014,8.3006993006993,103.041958041958
0.2,4,95,9.5,8000,12.3,7.8,5.5,7,7,102.097902097902
5.7,4,93,9.5,7900,12.1,7.4,5.7,9,9,102.993006993007
5.9,4,102,9.1,8800,10.9,6.6,5.5,9.95804195804196,9.95104895104895,106.874125874126
10.5,4,91,7.7,8700,10.7,5.5,4.8,6.33566433566434,6.33566433566434,107.58041958042
2.1,4,89,6.4,9300,8.4,4.6,2.3,6.84615384615385,6.84615384615385,108.587412587413
0,0,82,6.4,8600,10.7,4,1.3,3,3,106.461538461538
11.7,4,109,9.3,9100,13.8,4,1.4,9.06993006993007,9.06993006993007,110.454545454545
22.7,4,112,11,8500,12.7,9.2,8.9,10.8741258741259,10.8741258741259,112.524475524476
3.9,4,106,9.5,8900,11.8,7.9,5.4,8.37762237762238,8.34965034965035,111.062937062937
0.2,4,92,7.2,9000,8.4,4.1,2.7,3.76923076923077,3.76923076923077,109.174825174825
0,0,78,4.4,9400,8.1,1.6,-0.8,2,2,107.48951048951
8.1,4,88,5.7,9400,10.3,1.6,-0.3,3,3,109.664335664336
4.6,4,120,11.5,8900,13.4,10.1,9.3,11,11,110.699300699301
0.3,4,108,9.6,9000,12,5.9,3.4,6.97902097902098,6.97902097902098,111.601398601399
0.4,4,96,7.1,9500,9.4,4.6,3.6,3.85314685314685,3.85314685314685,109.293706293706
0.2,4,61,4.1,7500,6.4,0.7,-1.2,4,4,106.741258741259
7.4,4,103,9,8900,11.2,5.5,5.2,5.04195804195804,5.02097902097902,106.048951048951
3,4,74,5,8400,9.1,2,0.4,10.4195804195804,10.4195804195804,107.657342657343
2.9,4,70,3.5,9000,6.2,1.1,-0.9,4.38461538461539,4.38461538461539,107.405594405594
5.6,4,78,4.4,9300,6.4,2.2,0.4,2.98601398601399,2.98601398601399,106.727272727273
16.9,4,68,2.6,9100,4.4,0.3,0.1,3.27972027972028,3.27972027972028,115
1.2,4,53,0.3,8500,1.3,-0.8,-2.8,3.23776223776224,3.23776223776224,112.223776223776
0.2,4,60,1.4,8800,3,-0.2,-2.7,3.23076923076923,3.23076923076923,111
0,0,58,0.6,9100,4.9,-0.7,-2.7,1,1,108.496503496503
0,0,48,-1,8300,0.2,-2,-1.8,0.79020979020979,0.79020979020979,106.188811188811
0,0,43,-1.2,7600,0.3,-2.7,-2.4,0,0,105
1.4,4,50,0.6,7900,2.4,-0.7,-2.3,2,2,104
5.9,4,52,2,7300,3.8,0.2,-1.4,3.98601398601399,3.98601398601399,105
4.5,4,78,4.3,9300,7.2,1.3,1.5,2.98601398601399,2.98601398601399,107.706293706294
0.1,4,67,2.3,9300,4.3,0.3,0.2,2,2,107
1.1,4,60,2.4,8400,5.3,0.5,-1.4,2,2,105.034965034965
0.2,4,75,4.9,8500,7.7,2.5,1.6,3,3,105
8.9,4,88,7.6,8500,9.6,5.9,3,5.59440559440559,5.59440559440559,108.958041958042
2.7,4,90,9.2,7700,10.9,7.3,6.3,10.020979020979,10.020979020979,110.006993006993
1.1,4,98,9.2,8400,10.2,7.9,6.6,8.00699300699301,8.00699300699301,110
7.2,4,99,8.8,8700,11.7,6.4,3.8,2.92307692307692,2.92307692307692,110
3.4,4,100,8,9300,9.6,6.6,6.1,3,3,110.587412587413
0.5,4,78,4.5,9300,6.6,2.7,0.2,2,2,108.972027972028
0,0,87,6.7,8900,8.2,3.4,1.2,3,3,107
0,0,85,7.9,8000,8.9,6.9,5.4,3.94405594405594,3.94405594405594,105
0,0,92,7.5,8900,8.9,6.5,3.5,2.97202797202797,2.97202797202797,104
0.3,4,76,5.4,8500,7.4,4.4,2.8,2,2,103
18.8,4,92,6.4,9500,7.6,4.3,4.2,2.06293706293706,2.06293706293706,110.72027972028
5.1,4,88,6.7,8900,8,5.4,4.4,6.31468531468532,6.31468531468532,111.146853146853
23.6,4,98,8.1,9000,10.9,5,3.9,12.6573426573427,12.6573426573427,116.146853146853
25,4,86,6.6,8800,9.3,3.8,3.3,12.993006993007,12.993006993007,116.062937062937
12.2,4,97,8.3,8800,9.9,6.3,5,8.52447552447553,8.52447552447553,116.125874125874
11.8,4,115,10.3,9100,11.7,8.5,7.7,9.37062937062937,9.37062937062937,116.300699300699
26.6,4,121,10.5,9500,11.6,9.5,9.3,7.88811188811189,7.88811188811189,115.713286713287
0,0,93,8.9,8100,11,5.5,3,9.3006993006993,9.3006993006993,114.335664335664
2.2,4,83,7.3,8200,10.4,3.5,1.3,5,5,111.363636363636
2.2,4,90,10.1,7300,11.3,7.5,6.7,8.78321678321678,8.78321678321678,108.65034965035
7.7,4,99,9.6,8300,10.7,7.4,6.7,11.1538461538462,11.1398601398601,109.972027972028
0,0,87,8.6,7800,10.1,7.2,5.4,6.01398601398601,6,107.972027972028
2.9,4,84,8.9,7400,11,6.9,5.8,8.36363636363636,8.34265734265734,106.006993006993
7.4,4,80,7.4,7700,8.9,6,4.5,9.42657342657343,9.35664335664336,105.475524475524
12.3,4,105,9.5,8800,12,6.6,5.6,10.5734265734266,10.5734265734266,116.258741258741
16.9,4,97,9,8500,11,7.1,6.5,14.4125874125874,14.4125874125874,116.706293706294
6.9,4,92,7.1,9100,8,5.3,2.7,7,7,115.041958041958
1.5,4,84,7.2,8300,8.9,6,4.4,6.98601398601399,6.98601398601399,114
0.6,4,73,3.2,9500,6.2,1.3,1.5,2,2,111.615384615385
0,0,48,-0.5,8100,1.4,-2.4,-3.9,1.98601398601399,1.98601398601399,109
0,0,32,-3,6500,-1.8,-5.4,-6.5,0,0,107
0,0,25,-4.4,5700,-1,-6.9,-7.8,0.888111888111888,0.888111888111888,105
0,0,27,-4,6000,0.1,-7,-8.9,0,0,104
0,0,39,-3.4,8100,0.1,-7.9,-9.5,1,1,103
0.4,4,60,0.3,9700,1.4,-0.6,-0.6,0.979020979020979,0.979020979020979,103
0.4,4,65,1.7,9400,2.3,0.8,0.5,2,2,103
1.1,4,60,0.6,9400,1.1,-0.1,-0.2,3,3,103
1.6,4,59,0.8,9000,1.7,0.2,-0.3,4.10489510489511,4.0979020979021,104
0,0,48,0,7900,1.6,-2.5,-5.2,3.06293706293706,3.06293706293706,103.335664335664
1.7,4,44,-1.8,8200,0.2,-3.6,-6.5,0,0,106.692307692308
0,0,49,-0.4,8300,3.2,-3.3,-9,2,2,106.853146853147
0,4,50,-1.1,8900,0.4,-2.8,-8.5,2.1958041958042,2.15384615384615,105.811188811189
0,0,40,-0.5,6900,2.9,-3.8,-8.4,2,2,104.944055944056
3.1,4,48,3.6,5900,6.8,1.6,-1.4,6.78321678321678,6.42657342657343,103.776223776224
8.8,4,91,8.9,7900,12.1,6.6,4.7,13.2167832167832,13.2167832167832,104.713286713287
4.3,4,83,7.4,8000,11.4,5.4,4.1,10.0839160839161,10.0699300699301,104.825174825175
0,4,94,10.9,7100,13.5,8.2,7.1,17.013986013986,16.986013986014,103.965034965035
1.1,4,87,7.1,8600,9,4.1,0.8,5,5,103.377622377622
5.4,4,92,8.3,8200,11.1,3.1,0.6,11.1328671328671,11.1258741258741,105.083916083916
0,0,62,3.8,7800,8.4,0.6,-2.1,5.98601398601399,5.98601398601399,104.020979020979
0,0,50,7.2,5100,13.5,0,-3,10,9.98601398601399,103
0,0,74,10,6000,13.7,6.5,2.1,10,9.00699300699301,102
0.6,4,90,9.6,7600,12.8,6.2,4.8,6,6,101
3.8,4,76,6.1,8000,7.5,5,2.8,6,6,101
0.1,4,79,6.4,8100,8.6,3.5,0.7,9.01398601398601,9.01398601398601,102
0.6,4,82,6.6,8300,9,4.3,3.2,7.98601398601399,7.95104895104895,101.937062937063
7.6,4,112,9.3,9500,10.1,8.3,7.9,5.99300699300699,5.98601398601399,102.104895104895
5.5,4,115,10.1,9300,10.9,9.4,9,8.30769230769231,8.24475524475525,104.314685314685
0.1,4,95,9.7,7900,11.2,7.4,6.9,11.9230769230769,11.6153846153846,103.174825174825
17.5,4,97,9.9,8000,11.2,8.2,7.4,10.041958041958,9.87412587412587,104.748251748252
2.7,4,76,4.7,8900,10.4,1.3,-0.9,6.85314685314685,6.85314685314685,112.174825174825
18.3,4,79,4.1,9400,10.6,1.3,-0.1,4,4,115.027972027972
11.5,4,111,10.9,8500,12.6,9.4,8.3,8.9020979020979,8.9020979020979,116.055944055944
0.2,4,110,11.1,8400,14.5,8.5,5.8,8,8,113.804195804196
0.6,4,98,9,8500,11.6,7.1,4.4,5.64335664335664,5.64335664335664,111
0.8,4,87,7.3,8500,9.6,4.3,1.5,7,7,108.685314685315
0.4,4,75,6.5,7800,9.7,3.5,1.4,8.98601398601399,8.97902097902098,106
8.7,4,114,10,9200,11.9,7.4,6.6,6.36363636363636,6.33566433566434,107.972027972028
1.8,4,120,13.1,8000,16.2,11.4,10,10.0629370629371,10.006993006993,106.475524475524
2.4,4,115,12.9,7800,15.3,10.3,9.4,8.97902097902098,8.97902097902098,105.440559440559
0,0,109,9.8,8900,11,8.1,5.5,6.32867132867133,6.15384615384615,103.972027972028
8.3,4,97,9.1,8400,10.1,7.9,7.4,7.06993006993007,7.06993006993007,107.965034965035
1.5,4,100,8.8,8800,11.4,7.5,7,8.30769230769231,8.30769230769231,107.811188811189
0.4,4,89,8.1,8300,10.4,5.7,4.5,8.00699300699301,7.98601398601399,105.993006993007
4.9,4,87,8.8,7700,10.9,7.7,6.5,10.0699300699301,10.0699300699301,106.846153846154
3.9,4,106,10.3,8500,13.5,6,4.9,15.3006993006993,15.3006993006993,109.888111888112
1,4,70,6.4,7200,8.9,4.9,2.8,12.9160839160839,12.9160839160839,108.167832167832
1.3,4,69,5.4,7700,8.7,4.2,1.8,10.3636363636364,10.3356643356643,106.727272727273
1.5,4,70,6.6,7200,10.2,4.5,3,10.5874125874126,10.3496503496504,105.027972027972
2.8,4,75,5.7,8100,7.1,4.2,3.5,7.77622377622378,7.74125874125874,107.594405594406
0,0,70,4.2,8500,7.1,-0.4,-2.7,7,7,106
0,0,68,4.8,8100,9,-0.8,-3,7,7,104
0,0,62,8.2,5700,11.4,4.5,2,14,13,103
0,0,75,8.8,6700,12.4,6.3,4.3,13.2237762237762,12.3216783216783,101
0,0,77,10.8,6000,14.7,7.2,3.8,18.1748251748252,16.0489510489511,100
0,0,90,11.7,6600,16.8,7.1,4.4,16.9300699300699,14.1468531468531,98.8531468531469
0,0,94,7.6,9000,8.4,7,4.7,5,4,98
3.3,4,90,7,9000,9.9,5,3.1,5.94405594405594,5.65734265734266,99
0,0,84,7,8400,11.5,3.3,0.9,9.08391608391608,8,98
0,0,68,5.1,7800,9.2,1.7,-0.1,10,8.41258741258741,97.8741258741259
0,0,56,5.3,6400,11.1,0.1,-1.4,17.0909090909091,14.1958041958042,96.7552447552448
0,0,70,8,6600,14.6,2.3,-0.5,19.0489510489511,16,95.3006993006993
4.8,4,78,9,6800,13.3,5.1,3.7,15.1398601398601,12.979020979021,95
10.8,4,97,7.6,9300,8.5,7,6.5,8.90909090909091,8.52447552447553,103.160839160839
2.1,4,92,7.5,8800,9.3,6.1,3.2,7,7,104.027972027972
1.8,4,111,10.1,9000,11.8,7.5,7.1,7.61538461538461,7.40559440559441,104.699300699301
0,4,105,13.2,7000,17.4,9.2,6.3,21.2237762237762,19.7272727272727,102.153846153846
5.5,4,116,12.9,7800,17.4,10.2,8.4,15.1678321678322,15.1538461538462,103.132867132867
1.1,4,88,8.8,7700,10.8,5,2.3,12.986013986014,12.986013986014,102.216783216783
3.3,4,78,9.2,6800,13.9,3.1,0.7,15.2727272727273,14.5524475524476,100.587412587413
0,0,110,11,8400,14.2,8.8,6.2,11.1468531468531,11,100.034965034965
0,0,99,12.4,7000,16.8,8.2,6,15,14,98.9230769230769
0,0,103,14,6500,19.3,9,5.8,19,17,97.1258741258741
0,0,100,10.8,7700,12.5,9.5,7.7,13.965034965035,12,96.6013986013986
12.4,4,106,11,8100,15.2,6.6,6.6,12.8531468531469,12,97.972027972028
6.1,4,76,6.1,8100,9.8,2.8,1.5,17.3076923076923,17.3006993006993,100
6.5,4,79,5.7,8600,8,3.7,3.1,16.965034965035,16.8671328671329,103.370629370629
0,0,67,7.3,6800,12.1,3,1.2,18.3776223776224,18,101.804195804196
0,0,70,9.3,6000,13.7,4.2,2.1,18.8741258741259,17.986013986014,100.027972027972
0,4,85,9.3,7200,11.1,7.6,4.7,11.4895104895105,11,99.1748251748252
3.2,4,78,8.7,7000,12.9,6.3,3.9,20.013986013986,19.986013986014,100.118881118881
0.4,4,96,11.1,7200,15.4,6.9,6,16.2867132867133,16.2517482517483,100.517482517483
0.7,4,103,12.1,7500,18.6,8,4.8,14.027972027972,13.951048951049,99.5454545454545
2.8,4,105,12.2,7500,18.4,7.9,5,21,21,100.41958041958
8.3,4,103,10.4,8200,12.3,8.9,7.1,12.3356643356643,12.3356643356643,105.468531468531
4,4,98,9.8,8000,12.5,8.2,6.5,16.7272727272727,16.6923076923077,104.643356643357
2,4,111,11,8500,13.9,9.1,8.1,13.9020979020979,13.8741258741259,105.748251748252
13,4,112,11.5,8200,15.4,9.2,6.9,20.8881118881119,20.8881118881119,109.503496503497
1.5,4,131,14.6,7900,17.8,11.6,9.6,21.3216783216783,21.041958041958,107.734265734266
0,0,119,19.9,5500,26.6,12.5,9.5,41.2937062937063,39.1608391608392,103.685314685315
2.9,4,116,18.6,5500,22.7,13.1,12.5,36,33,100.517482517483
0.3,4,140,16.9,7500,22.7,11.5,9.8,25.7832167832168,23.7342657342657,98.965034965035
4.8,4,107,13.4,7000,20.2,8.6,6.8,23.1468531468531,22.6923076923077,97.965034965035
0.1,4,83,10.6,6600,15.7,7.2,4.4,23.2167832167832,19.6643356643357,96.2447552447552
0,0,104,12.7,6900,15.3,9,5.9,18,15.2587412587413,95.5944055944056
0,0,139,16,7700,20.3,12.8,12.1,22.006993006993,17.9160839160839,94.0699300699301
0,0,144,19,6700,24.4,13.3,9.8,38.986013986014,30.6083916083916,92.013986013986
1.4,4,95,13.9,6000,18,8.9,8.4,30.9090909090909,24.7202797202797,90.3146853146853
7.6,4,87,8.2,8100,13.4,4.5,4,23.1118881118881,23.041958041958,92.3076923076923
5.6,4,82,7.1,8100,10.9,4.3,2.4,18.2307692307692,18.2237762237762,96.7482517482517
2.5,4,77,5.4,8700,9.5,2.3,-0.5,14.8111888111888,14.5594405594406,97.8601398601399
5.4,4,71,7.8,6900,12.8,4,3.5,20.4055944055944,19.6993006993007,96.6433566433566
15.9,4,88,7.1,8800,10.3,5,3.4,22.0559440559441,22.0559440559441,103.202797202797
8.5,4,81,6.2,8600,10.4,3.9,1.8,18.9020979020979,18.7902097902098,103.706293706294
0,4,61,5.6,6900,10.5,1.8,0.1,21.2797202797203,21.1958041958042,102.048951048951
5.1,4,67,4.6,8000,8.8,1.8,-0.4,19,18.020979020979,100.335664335664
0.8,4,58,6.1,6400,10.7,-0.4,-1.9,22.993006993007,21.5594405594406,98.4895104895105
6.4,4,76,5.2,8600,9.8,3.6,2.9,19.006993006993,18.9300699300699,99.2587412587413
0.5,4,71,6.7,7400,10.4,3.3,2.3,18.3916083916084,17.9510489510489,98.4405594405594
0.2,4,84,9.1,7200,12,7,5.5,20.993006993007,19.2097902097902,97.8391608391608
0,0,101,13.6,6600,20.3,5.8,3.2,28.3356643356643,25.8391608391608,96.2237762237762
0.1,4,102,14.9,6000,19.6,9.2,5.5,32.7342657342657,28.7132867132867,94.3846153846154
0.1,4,103,15.1,6200,20.9,8.3,5.2,34.6363636363636,28.0769230769231,92.4755244755245
0,0,131,18.9,6100,25.2,12.6,11,39,31,90.2237762237762
0,0,156,20.5,6700,27.3,13,10,45.7482517482517,36,87.8811188811189
18.8,4,148,19.1,6900,25.7,13.6,11.6,41.0979020979021,36.5174825174825,94.3706293706294
1.8,4,123,11.6,9000,13.7,8.8,6.7,18.7972027972028,18.0979020979021,97.3006993006993
11.2,4,110,12.7,7700,17.9,8,5.8,25.0629370629371,24.0559440559441,98.0909090909091
0,0,115,12.4,8100,17,9.9,8.8,23,22.7902097902098,97.6713286713287
7.5,4,127,14.2,7900,18.8,10.7,8.1,22.027972027972,19.4545454545455,100.797202797203
0,0,127,14.5,7800,18.9,10.8,10.3,21.5314685314685,19.3776223776224,99.5034965034965
0,0,122,13.9,7800,18.1,10.1,7.1,26.1888111888112,23,96.7622377622378
0,0,116,15,7100,21,8.2,5.5,34.1818181818182,29,93.6993006993007
0,0,119,16.6,6600,22.5,9.2,6.5,39.6853146853147,31.9370629370629,90.7902097902098
0,0,131,17.6,6700,23.5,11.7,10.1,46.2027972027972,35.7062937062937,87.993006993007
0,0,128,19.4,5800,26,12.4,10,54.006993006993,40.3496503496503,84.8671328671329
0,0,144,20.5,6000,26,14.1,11.4,45.1328671328671,33.951048951049,82.7692307692308
0,0,125,22,4900,27.8,15.9,11.9,56.7762237762238,39.8601398601399,80.1398601398601
0,0,135,19,6200,24.7,13.8,10.3,36.7482517482517,25.9440559440559,79.7972027972028
2.3,4,148,16.5,8100,22.1,12,9.9,33.4265734265734,28.8741258741259,81.7482517482517
0,0,146,16.5,7900,20.4,12,10,25.9440559440559,16.006993006993,84.5874125874126
3,4,132,16.5,7200,22.2,12.9,10.7,28.3706293706294,20.7342657342657,83.9160839160839
3.2,4,150,15.1,8800,20.5,12.6,9.9,24.6013986013986,22.993006993007,86.6083916083916
9.7,4,149,16.3,8100,21.8,12.5,9.9,29.6573426573427,24.8601398601399,84.7972027972028
26.8,4,156,17.4,8000,23.2,13.2,10.9,31.3216783216783,27.2587412587413,91.4265734265734
0,4,145,15.6,8200,19.4,12.7,9.9,24.2167832167832,22.5734265734266,90.0979020979021
0,0,130,16.4,7100,21.9,11.4,8.5,32.1258741258741,27,88.2657342657343
13.2,4,152,14.8,9000,18.3,12.8,11.4,23.4545454545455,22.0699300699301,93.6783216783217
0,0,147,15.2,8600,19.5,12.3,9.6,26.3426573426573,24.8391608391608,92.6853146853147
4.2,4,147,16.8,7900,24,11.5,9.2,39.8391608391608,36.9300699300699,90.7272727272727
3.3,4,140,15.2,8300,20.2,11.7,11.4,31.4965034965035,30.5104895104895,91.3636363636364
8.6,4,130,14.1,8200,19.6,10.5,10.1,33.6433566433566,32.0979020979021,90.6293706293706
4.5,4,152,15.3,8800,19.7,12.3,10.4,24.979020979021,24.7762237762238,98.3916083916084
10.1,4,135,15.2,7900,20.9,11.1,9,25.6503496503496,24.8601398601399,98.7692307692308
0,0,135,15.4,7800,20.5,10.4,8.7,25.2727272727273,24.6643356643357,97.0839160839161
0.7,4,163,17.1,8400,22,14,13,23.4615384615385,21.7762237762238,95.6013986013986
0,0,131,14.6,7900,17.2,11.5,10.8,19.2587412587413,17.2657342657343,93.9510489510489
0,0,111,13.1,7400,16.3,9.2,7.3,19.7552447552448,17,92.3146853146853
3.1,4,129,16.7,6900,21.5,13.2,12.4,32.972027972028,29.1398601398601,90.5314685314685
0,4,117,14.6,7100,18.5,8.9,6,30.5874125874126,28.4055944055944,89.5034965034965
0,0,96,14.6,5900,20,8.5,5.4,39.986013986014,32,87.3356643356643
0,0,102,16,5800,21.2,10.5,8.7,38.9370629370629,30,85.2097902097902
0,0,114,16.2,6400,21.5,10.1,7.5,42.7132867132867,33.8951048951049,83.041958041958
0,0,98,14.4,6200,20.8,8.3,5.7,41.986013986014,31,80.7202797202797
8.9,4,112,11.2,8300,14.3,9.2,6.9,21.3076923076923,20.2027972027972,85.2587412587413
1.3,4,100,12.1,7300,17.5,7.8,6.1,32.5874125874126,28.4265734265734,84.979020979021
0,0,100,12,7200,16.3,8.4,6.1,27.3356643356643,22.986013986014,84.034965034965
0,4,97,14.5,6100,20.2,8.6,6.8,35.4755244755245,26.7692307692308,81.993006993007
3.8,4,132,16.6,6900,20.5,13.6,11.5,26.3356643356643,23.1258741258741,81.034965034965
3.3,4,122,15.8,6900,19.4,12.2,11.8,43.6643356643357,42.6363636363636,81.9160839160839
2.7,4,135,15.7,7600,19.2,13.3,11.6,29.5454545454545,27.5384615384615,81.9090909090909
0,0,152,17.4,7700,22.1,13.4,11.1,33.0769230769231,31,82.041958041958
12.9,4,166,16.9,8600,23.4,13.6,10.9,23.4125874125874,22.4125874125874,89
0,0,145,16.7,7800,21.2,13.5,11.4,30.3426573426573,28.3986013986014,87.7622377622378
0.5,4,145,17.3,7400,21.4,11.4,9.5,31.8881118881119,28.9510489510489,86.7762237762238
21.8,4,189,18,9100,23.8,13,12.9,21.2657342657343,21,89.006993006993
0,0,144,17,7600,22,11.6,10,31.9230769230769,28.6223776223776,87.4475524475525
0,0,151,19,7100,24.9,12.7,10.4,41.5804195804196,33.951048951049,85.1398601398601
0,0,157,21.2,6400,26.8,13.9,11.5,47.4965034965035,37,82.5244755244755
0,0,164,23.2,5900,28.4,16,13.2,59.4055944055944,44.2517482517483,79.3986013986014
0,0,183,24.4,6100,30.8,17.7,14.3,55.6153846153846,39.965034965035,76.6013986013986
0.1,4,195,25.1,6300,30,19.3,16.8,49.3706293706294,37,74.9020979020979
0,0,142,19.4,6400,23.8,14.3,11.5,51.1398601398601,35,72.6713286713287
34.1,4,150,20,6700,27,12.7,10.3,51,45.8041958041958,74.4965034965035
6.6,4,171,17.7,8500,22.4,15,15.3,25.3426573426573,24.979020979021,82.3566433566434
1.4,4,143,15.6,8100,18.9,13.5,12.8,31.986013986014,31.2727272727273,85.006993006993
2.3,4,139,14.8,8200,16.7,12.7,11.9,18.7692307692308,18.7062937062937,86.6713286713287
5.2,4,129,13.4,8400,16.2,12.3,11.8,20.5524475524476,20.1818181818182,87.0699300699301
3.8,4,126,15.6,7300,20.4,12.1,9.5,39.1748251748252,38.3216783216783,86.8111888111888
0.1,4,138,15.4,7800,17.9,12.2,10.6,26.8111888111888,23.7482517482517,85.2307692307692
1.4,4,142,18.7,6500,24.4,13.5,10.6,43.1888111888112,38.3776223776224,83.0629370629371
0,0,110,16.4,6000,21.3,11,8.6,40.1048951048951,32,81.2097902097902
0,0,132,18.7,6300,23.6,13.6,10.8,40.6853146853147,31.3566433566434,79.0769230769231
5.1,4,170,23.6,6100,31,14.5,12.6,62.7832167832168,55.1608391608392,77.3706293706294
12.5,4,204,20.3,8700,27,16.7,15.2,38.1888111888112,36.1678321678322,78.1188811188811
0,0,161,19.8,7200,24.5,16,14.8,44.3916083916084,34.5174825174825,75.9160839160839
5.2,4,158,15.8,8700,20.5,13.5,13.1,21.3216783216783,20.2377622377622,85.4195804195804
0,0,134,15.3,7800,19.3,12.3,9.7,26.7622377622378,22.5314685314685,84.7132867132867
0,0,135,17.8,6800,23.8,11.5,8.9,40.034965034965,32,82.1608391608392
2.7,4,146,21.2,6100,28,13.2,10.6,48.1328671328671,43,81.0769230769231
2,4,171,18.9,7900,23.7,15.2,14.8,37.3426573426573,35.1048951048951,81.1678321678322
0,0,164,19,7600,23.7,16,13.8,32.1398601398601,25.965034965035,79.6853146853147
0,0,163,21.8,6500,27.8,15.2,12.9,45.7832167832168,33,77.1748251748252
0,0,167,23.4,6000,28.7,16.9,14.7,46.5594405594406,32.048951048951,75.027972027972
2.2,4,190,24.8,6400,32.1,17.1,14.5,53.8811188811189,40.048951048951,73.8111888111888
1.3,4,216,22.1,8200,26.6,18.5,17.5,34,28.7622377622378,76.8671328671329
0,0,164,20.1,7100,24.3,16.6,14.1,40.5314685314685,31.020979020979,75.3636363636364
5.7,4,180,19.8,7800,24.7,16.2,14.3,27.5804195804196,25.020979020979,77.9370629370629
0.8,4,152,17.9,7600,22.6,13.6,10.7,33.3356643356643,26,76.3496503496503
3.1,4,152,19.4,6900,24.8,12.6,10.2,37.9230769230769,28,74.3566433566434
0.3,4,188,20.2,8000,23.6,17.4,17.3,27.3356643356643,26.1748251748252,76.3846153846154
0.2,4,189,19.3,8500,23.3,15.8,13.4,20.3146853146853,18.993006993007,81.7902097902098
0,0,153,19.2,7100,24.5,14.5,12.6,37.5454545454545,32,79.7832167832168
0,0,152,21.2,6300,27.8,13.7,10.5,46.8741258741259,36.951048951049,77.2377622377622
0,0,163,24.1,5700,31.4,17.2,14.1,48,36.3216783216783,74.5944055944056
0.6,4,200,21.5,7800,25.6,16.9,14.3,30.4405594405594,24,73.4055944055944
16.7,4,211,19.9,9100,23.8,17.7,15.8,22.958041958042,20.7482517482517,78.958041958042
0,0,181,19.9,8000,25.4,15.4,13.5,33.972027972028,27,77.1818181818182
6.3,4,193,20.1,8200,23.8,15.8,13.4,30,27.5034965034965,78.7132867132867
0.1,4,165,18.2,8000,20.3,16.1,14.7,27.1398601398601,25.006993006993,78.4405594405594
0,0,165,20.4,7000,26.4,14.8,12.9,37.2587412587413,29.1538461538462,76.2377622377622
0,0,183,23.2,6600,29,16.6,14.1,45,33.1048951048951,73.8321678321678
0.4,4,188,20.5,7800,23.8,17.2,14.2,24.2587412587413,21,74.0979020979021
0,0,156,19.5,6900,24,16.2,14.1,34.0769230769231,24.8531468531469,72.4055944055944
1.1,4,187,20.6,7700,23.7,16.7,13,29.5524475524476,24,71.0909090909091
0,0,164,20.3,7100,26.1,15.4,13.1,38.8531468531469,26.6783216783217,69.3636363636364
0,0,164,22.1,6300,27.3,16.9,14.2,41.8671328671329,27.3776223776224,67.5104895104895
0,0,205,24.8,6600,31.9,16.7,14.6,47,28.8951048951049,65.4545454545455
0.6,4,230,27.1,6500,35.1,20.4,18,45.986013986014,37.3356643356643,69.972027972028
4,4,216,21.3,8600,26.5,17.2,16.1,22.0839160839161,19.5454545454545,72.1888111888112
0,0,193,21.4,7700,26.8,16.2,14.3,35,26,71.3846153846154
2.7,4,191,21.2,7600,24.8,17.4,14.1,28.2377622377622,20.8881118881119,70.8251748251748
11.3,4,196,20.7,8100,25,18,17.7,24.9510489510489,22.8881118881119,72.6993006993007
0.7,4,168,18.3,8100,22.4,14.9,14,23.993006993007,22.1748251748252,73.7482517482517
0,0,143,18.1,7000,23,12.8,10.4,28.1398601398601,21.006993006993,72.1538461538462
4.2,4,165,20.6,6900,26.1,15.4,11.8,33.8951048951049,29.6083916083916,71.8181818181818
0,4,135,16.6,7200,20.5,12.9,10,30.6083916083916,25.5174825174825,71.1888111888112
0,0,136,18.7,6400,24.2,12.8,9.7,35.5734265734266,25,69.4965034965035
3.7,4,169,20.5,7000,25.2,17.4,13.3,30.8391608391608,23.7622377622378,68.7552447552448
13.8,4,200,22.3,7800,30.5,16.3,15.2,40.6993006993007,37.3356643356643,71.6573426573427
0,0,136,16.8,7300,20.9,12.7,9.8,29.4545454545455,22,70.4335664335664
0,0,130,16.7,6900,22,11.2,8.7,27.006993006993,18.972027972028,69.1118881118881
0,0,135,19.6,6200,26.4,13,10,35,23,67.6503496503497
0,0,173,22.5,6500,29.7,13.8,11.4,38,23.9440559440559,65.8881118881119
1.5,4,193,23.9,6600,29.9,18.4,14.6,37,22.8741258741259,64.4195804195804
0,4,169,18.1,8100,20.5,15.9,14.6,20.8811188811189,15.9160839160839,64.5664335664336
0,0,158,19.5,7000,24.8,15.1,13.9,30.2307692307692,17,63.1818181818182
0,0,192,22.7,6900,29.6,16,14,36.3496503496503,19.979020979021,61.958041958042
0,0,204,22.8,7400,30,17.8,15.1,28.6153846153846,20.6923076923077,63.4965034965035
1.9,4,203,21.8,7800,27.4,17.1,14.4,26.027972027972,18.8951048951049,63.6853146853147
13.7,4,194,18,9400,19,16.4,15.9,13.972027972028,13,70.8111888111888
0,0,193,22.1,7500,29.5,16.6,16.8,30.8811188811189,25.2797202797203,70.0839160839161
0,0,178,21.1,7100,25.2,17.8,15,20.8251748251748,17.5734265734266,69.7832167832168
0,0,183,21.5,7400,28.6,15.2,12,28,21,68.5594405594406
0,0,167,19.9,7200,24,15,11.7,21.972027972028,17,67.4545454545455
5.4,4,156,15.8,8600,20,13.3,10.6,17.4475524475524,16.3496503496504,69.4685314685315
15.1,4,132,14.4,8100,18.1,10.9,8.9,16.6433566433566,15.7482517482517,70.6923076923077
10.1,4,118,10.9,9000,16.1,7.2,5.8,20.0979020979021,19.5174825174825,76.9090909090909
1.6,4,102,9.9,8400,15.6,7.3,4.8,13.006993006993,12,76.979020979021
1.2,4,109,10.5,8600,16.3,6.4,4,14.951048951049,13.986013986014,76.5384615384615
0,0,98,11.1,7700,17.5,6.3,3.7,15.4825174825175,13,75.5944055944056
0,0,117,13.3,7700,18.4,7.4,4.6,15.3286713286713,12,74.6363636363636
0,0,145,16.4,7900,20.7,13.6,13.4,14.2027972027972,11.1678321678322,73.7832167832168
0,0,151,15.3,8700,17.4,13.4,12.3,14.5034965034965,11,73.020979020979
0,0,163,17.1,8400,22.1,13.4,12,18.9300699300699,14,72
0.2,4,164,16.8,8600,21.5,14,11.5,17.9090909090909,13.9160839160839,71.2377622377622
0,0,142,17.4,7200,23,12.3,10.7,21.3986013986014,15,70.1538461538462
0,0,145,18.2,7100,25.2,12.1,9.1,20.2097902097902,14.006993006993,69.1678321678322
0.1,4,149,18.5,7200,24.9,12.9,9.6,19.2657342657343,13,68.3286713286713
0.2,4,158,16.8,8200,21.3,12.4,8.6,14,11,68.1748251748252
0.6,4,143,15.1,8400,19.9,11.9,8.5,12.5314685314685,11.6573426573427,69.6083916083916
16.1,4,152,14.6,9100,16.7,13.5,11.2,10,10,74.2027972027972
7,4,159,15.4,9100,18.8,13.1,11.6,15.4825174825175,15.3216783216783,82.3146853146853
4.9,4,118,13.2,7800,17,10.1,9,15,14.986013986014,83.9090909090909
0.5,4,105,10.3,8500,15.3,7.8,5.3,12.951048951049,12,83.6503496503497
0,0,94,10,7800,14.4,5.8,2.8,11.1048951048951,10,82.5734265734266
4.4,4,115,11.8,8200,15.1,7.5,4.4,10.972027972028,10.9160839160839,84.4335664335664
9.6,4,132,12.5,9100,13.8,11.4,11.1,10,9.99300699300699,87.8321678321678
1,4,122,10.9,9400,13.2,7.3,5.4,7.62237762237762,7,87.7202797202797
0,0,99,9.3,8500,13.4,6,4.3,8.27972027972028,7.98601398601399,86.6573426573427
0,0,100,9.7,8400,15,5.7,2.9,9,8,85.5384615384615
0,0,92,9.2,8100,15.4,3.6,0.8,10,9,84.8181818181818
0,0,98,10.9,7600,16.2,5.5,2.5,10.986013986014,9.38461538461539,83.9090909090909
1,4,143,15.6,8100,19.2,11.9,9,13,12.048951048951,84.1538461538462
1.1,4,149,16.5,7900,19.4,13.6,9.9,13.2937062937063,13.041958041958,85.020979020979
41.9,4,149,14.3,9200,15.8,12.8,11,9,9,97.4055944055944
4.8,4,125,12.2,8700,15.1,8.8,8.2,13.048951048951,13.034965034965,102.244755244755
0,0,93,9.2,8100,13.9,5.5,3.3,9,9,100.482517482517
3.3,4,98,9.5,8200,13.9,5,2.8,7,7,99.2867132867133
0.7,4,98,9.1,8400,12,6.1,3.4,13.1888111888112,13.1468531468531,99.1328671328671
3,4,95,7.6,9100,10.8,4.7,1.4,4,4,99.2307692307692
0,0,97,8.8,8600,14.7,3.8,1.4,7.76923076923077,7.55944055944056,97.8671328671329
0.1,4,135,15.2,7800,22.9,7.8,5.5,11.2937062937063,11,96.2587412587413
0,4,162,17.4,8100,20.7,15.5,13.6,9,9,95.5454545454545
1.1,4,162,16.6,8700,21.6,12,9.7,7.91608391608392,7,95.0979020979021
3.7,4,148,14.1,9200,16.8,11.6,8.5,7.17482517482518,7.16783216783217,97.7692307692308
1.4,4,135,14.8,8100,18.2,11.1,8.1,9.25174825174825,9.11188811188811,96.9370629370629
8,4,152,14.1,9400,17.5,12.7,12.5,8,8,97.5734265734266
0,4,121,11.5,8900,15.6,8.7,5.9,10.8321678321678,10,97.8951048951049
0,4,116,11.4,8600,16.9,7.4,4.6,5,5,97.1888111888112
0,4,114,10.8,8700,16,6,4,5.32167832167832,5,96.4615384615385
0,0,140,14.6,8400,19.6,10.8,7.9,8,7.57342657342657,96.041958041958
0,4,133,15.8,7600,23,11.1,7.5,8,7.00699300699301,95.3146853146853
0.3,4,137,13.2,9000,15.6,10.8,7.1,5,5,94.979020979021
3.5,4,138,14,8700,16.1,12.1,9.6,6,5.98601398601399,95.1188811188811
4,4,143,12.9,9600,14.1,12.2,11.6,6,6,95.8671328671329
0.7,4,140,12.5,9700,13.5,11.5,11.3,4,4,95.7062937062937
0,4,125,11.9,9000,16.2,7.2,4.5,4,4,95.2937062937063
1.3,4,115,9.3,9800,10.4,7.1,4.2,2,2,94.8601398601399
0.1,4,103,9.4,8700,10.9,4.2,1.7,5,4.99300699300699,94.6433566433566
0,0,91,7.8,8600,14.5,2.7,0.5,5,4,94.2797202797203
0,0,90,7.6,8600,12.6,2.9,0.8,3.95104895104895,3.38461538461538,93.958041958042
0,0,80,6.7,8200,13.8,2.1,-0.5,3,3,93.7692307692308
0,4,86,5.3,9700,7.1,2,-0.2,1,1,93.6713286713287
0,0,82,4.6,9600,5.2,3.6,4.1,1,1,93.6153846153846
0,0,74,5.1,8500,7,3.7,3.9,2,2,93.5594405594406
0,0,92,7.9,8600,8.5,6.9,6.6,2,2,93.3006993006993
0.2,4,104,8.9,9100,10.6,7.8,7.6,2,2,93.1398601398601
15.8,4,105,9,9200,12.3,7.7,7.5,5.88111888111888,5.88111888111888,96.0489510489511
0,0,93,7.6,8900,9,6.1,4,5,5,96.1818181818182
7.1,4,97,7,9600,8.8,4.6,2.6,2,2,96.8811188811189
1.6,4,105,9,9200,10.2,8,7.6,4.23076923076923,4.24475524475525,97.1328671328671
0,0,96,7.9,9000,8.9,7.1,5.3,3,3,96.6923076923077
4.5,4,78,6.9,7800,7.5,6.3,6.1,4,4,96.2237762237762
12.6,4,84,6.5,8600,8.3,4.6,1.7,7.55944055944056,7.5034965034965,98.4405594405594
9,4,76,5.1,8700,8.2,2.8,1.1,6.00699300699301,6.00699300699301,101.405594405594
13.8,4,88,5.6,9500,11.1,1.1,0.5,4.44055944055944,4.44055944055944,111.412587412587
2.5,4,65,2,9200,3.2,0.4,-1.3,3.99300699300699,3.99300699300699,111.118881118881
0.1,4,55,0.8,8500,2.9,-1.3,-3.8,3,3,109.307692307692
5.4,4,61,1.5,8800,3.5,-1,-3.3,3.25174825174825,3.25174825174825,108.027972027972
5.8,4,64,3.9,8000,9.4,1.1,-0.9,5.18181818181818,5.18181818181818,107.867132867133
0,0,101,13.4,6600,17,7.7,6.7,16.9510489510489,16.8741258741259,106.146853146853
6.6,4,108,13.5,7200,17.5,8.7,7.1,12,12,105.755244755245
0.4,4,92,8.8,8200,11.5,6.9,4,4.84615384615385,4.76923076923077,104.965034965035
4.2,4,95,8.6,8400,11.6,6.9,5.9,8.16783216783217,8.16783216783217,106.356643356643
0,0,81,6.9,8100,9.4,5.3,1.8,6,6,105.335664335664
0,0,71,4.5,8500,7.5,0.7,-2.5,3,3,103.895104895105
0,0,56,4.4,6800,9.6,-0.3,-4.1,4,3.97202797202797,102.727272727273
0.1,4,57,5.5,6400,10.4,1.7,-2.9,4,3.97902097902098,101.65034965035
3.5,4,97,8.7,8600,11,6,5.2,3.31468531468531,3.25874125874126,102.013986013986
1.3,4,81,6.1,8500,8,4,2.2,5.01398601398601,5.01398601398601,101.839160839161
0,0,71,4.1,8600,5,2,-1.4,2,2,101.181818181818
13.9,4,73,4.8,8400,7.2,3.1,0.4,3.23776223776224,3.23776223776224,104.944055944056
4.3,4,89,7.2,8800,8.2,4.5,2,10.4195804195804,10.4195804195804,110.65034965035
1.4,4,82,7.3,7900,9.8,4.6,2.1,7.48251748251748,7.48251748251748,110.076923076923
0.5,4,77,6.2,8100,8.1,3.8,2.2,4,4,108.335664335664
2.2,4,75,4.7,8800,5.5,3.9,2.8,5.47552447552448,5.47552447552448,106.804195804196
0,0,73,4.6,8600,5,3.6,3.5,3,3,105.013986013986
0,0,65,2.8,8700,3.6,2.4,2.4,1.98601398601399,1.98601398601399,103.552447552448
0,0,64,2.2,8900,2.9,1.6,1.8,1,1,102.384615384615
0,0,55,0.9,8400,1.7,-1.4,-3.6,1.91608391608392,1.82517482517483,101.706293706294
1.8,4,66,2.5,9000,4.8,1.2,1,1.36363636363636,1.36363636363636,101.447552447552
0.9,4,90,6.2,9400,9.1,3.3,2.2,3,3,101.482517482517
2.6,4,110,9.6,9200,10.3,9,8.2,5.04895104895105,5.01398601398601,101.608391608392
0,4,92,8.1,8500,9,6.9,5.6,3.01398601398601,3.00699300699301,101.27972027972
4.1,4,96,10.4,7500,12.5,7,5.1,6.41258741258741,6.06993006993007,100.958041958042
12.5,4,100,8.4,8900,13.3,3.6,2,9.72727272727273,9.72727272727273,105.685314685315
1.4,4,71,4.2,8600,5.5,2.6,0.6,5,5,104.811188811189
7.1,4,91,6.9,9200,9.1,4.8,4.2,6.21678321678322,6.21678321678322,106.447552447552
7.8,4,75,4.4,8800,8.6,2,0.2,6.97902097902098,6.97902097902098,108.475524475524
0.3,4,72,4.3,8700,7.5,2.1,-0.7,6.95104895104895,6.95104895104895,107.958041958042
3.4,4,77,4.1,9300,5.5,1.9,-1.3,2,2,106.839160839161
0.2,4,97,7,9700,8.8,5.5,5.3,1.00699300699301,1.00699300699301,105.713286713287
0,0,83,4.6,9800,6.6,2.3,2.6,1,1,104.356643356643
0,0,67,2.3,9300,7.7,-1,-3.5,1.61538461538462,1.61538461538462,103.027972027972
0,0,56,1.3,8400,6.7,-1.7,-4.4,0.93006993006993,0.958041958041958,102.538461538462
0,0,61,0.5,9600,2,-1.1,-4.2,0,0,102
0,0,68,2.2,9500,3.3,1.2,1.2,1,1,102
0,0,59,1.4,8700,4.2,-0.2,0.1,1.70629370629371,1.51048951048951,102
11.6,4,77,6.6,7900,8.7,4.1,3.2,7.12587412587413,7.06993006993007,104
0,0,72,3.4,9200,5.4,0.6,-2.1,3.02097902097902,3.02097902097902,107.846153846154
1,4,61,1.8,8700,2.8,0.5,-0.3,4.06993006993007,4.06993006993007,107.090909090909
1.5,4,62,1.7,9000,3,0.2,-2.2,2,2,105.93006993007
26.3,4,85,5.1,9100,11,-0.4,-0.5,4,4,114.58041958042
10.4,4,96,9.5,8100,13.5,4.7,2.9,16.9510489510489,16.9510489510489,113.538461538462
4.2,4,68,3.3,8800,5.3,1.6,0.2,7.97902097902098,7.97902097902098,112
5.6,4,63,2.8,8400,4.2,0.4,-0.5,4,4,113.034965034965
14.1,4,61,0.6,9600,1.2,0.2,0.1,2.32167832167832,2.32167832167832,114.398601398601
0,0,60,1.2,9100,2.8,0,-1.4,3.86013986013986,3.86013986013986,111.993006993007
0,0,60,0.6,9400,1.2,-0.5,-0.3,2,2,109.076923076923
0,0,58,1.8,8400,4.3,-0.8,-4.1,2.95804195804196,2.95804195804196,107
0,0,45,-0.4,7600,4.5,-3.3,-6,2,2,105
0.3,4,45,-0.3,7500,2.8,-4.3,-6.6,2,2,104
0.3,4,76,3,10000,4.3,1.4,1,1,1,103
0,0,67,2,9500,2.9,0.1,0.3,1.66433566433566,1.48251748251748,102.986013986014
0,0,56,-0.9,9800,0.2,-2,-2,0.986013986013986,0.972027972027972,102
0,0,51,-2,9700,-1,-3,-2.6,0.895104895104895,0.951048951048951,102
0,0,49,-2.6,9600,-0.8,-4.3,-5.4,0.454545454545455,0.517482517482518,102
0,0,52,-1.6,9500,-0.8,-2.3,-1.9,0,0,102
0,0,53,-0.3,8800,5.3,-3.8,-5.3,1.12587412587413,1.06293706293706,102
9.1,4,64,4.9,7300,7.5,-0.6,-2.8,3.36363636363636,3.72727272727273,103
2.2,4,74,4.6,8800,5.4,3.4,1.8,7.97202797202797,7.97202797202797,107
12.7,4,89,7.4,8600,8.8,5.2,3.3,7.53846153846154,7.53846153846154,108
17.1,4,102,8.5,9200,10.7,6.1,5.6,6,6,112.055944055944
4.8,4,74,4.4,8900,7.6,2.2,1.6,6.91608391608392,6.91608391608392,112.832167832168
0.4,4,90,9.7,7400,12.7,7,5,14.3286713286713,14.3286713286713,112
2.8,4,79,8.2,7300,11,7,3.9,10.0629370629371,10.0629370629371,109.160839160839
1.5,4,84,7.2,8300,9.5,6.1,3.5,10.034965034965,9.99300699300699,108.685314685315
8,4,85,5.4,9400,7,2.1,-0.8,3,3,110.055944055944
0,0,67,2.9,8900,6.6,0.7,-2.7,4.00699300699301,4.00699300699301,108.020979020979
0,0,54,1.8,7800,6.3,-1.9,-4.6,5.03496503496504,5,106.013986013986
0,0,49,1.1,7600,7.4,-3.3,-5.6,5,5,104.370629370629
0,0,53,2,7600,7.3,-3,-5.9,4,4,103
0.4,4,51,0.8,7900,3.5,-1.4,-4.2,2.66433566433566,2.08391608391608,102
0.1,4,70,3.3,9000,4.3,1.4,-0.8,2,2,102
0,0,71,3.8,8800,4.7,3.2,2.3,3.98601398601399,3.26573426573427,101.993006993007
0,0,55,3.2,7200,4.3,1.5,-0.2,7.72727272727273,7.08391608391608,101
0,0,57,4.1,6900,9,1.4,-1.4,8,8,100.146853146853
0,0,56,2.4,7800,5,-0.8,-3,5.98601398601399,5,100
3.9,4,55,2.3,7600,4,0.3,-0.4,5.41958041958042,5,101
0,0,65,4.5,7600,6.4,2,1.3,6,6,102
0,0,61,4.1,7500,6.3,2.3,-0.1,4,3.97202797202797,101
0.2,4,52,-0.1,8500,3.3,-1.6,-1.7,1.85314685314685,1.85314685314685,101.405594405594
0,0,53,0.6,8200,2.1,-1.1,-1.1,3,3,101
0,0,45,1.3,6800,3.4,-0.2,-1.6,4.13986013986014,3.93706293706294,101
0,0,41,0.2,6700,3.7,-2.7,-4.6,6.58741258741259,6.21678321678322,100
0,0,36,-1.3,6500,2.8,-4.3,-6.4,6.71328671328671,6.18181818181818,100
0,0,32,-1.4,6000,3.2,-5.5,-7.6,7.90909090909091,7.00699300699301,99.013986013986
0,0,29,1.6,4500,8,-3.9,-5.9,11.5594405594406,10.1328671328671,98.3846153846154
0,0,71,7.8,6500,12.7,2.6,-0.5,9.26573426573426,8,98
0,0,103,13.1,6900,18.5,9.5,6.7,14.9230769230769,12.9440559440559,97
1.7,4,98,12.3,6900,16.1,9.9,7.6,11.4125874125874,10.951048951049,96.7622377622378
0,0,93,10.9,7200,14.9,8.3,5.2,13,11,95.9370629370629
1.5,4,94,11.3,7100,13.7,9,6.1,11.2167832167832,11.041958041958,96.006993006993
0.5,4,89,9.8,7400,13.5,6.5,2.3,9,8,96.5174825174825
3.7,4,78,7.4,7600,11,5,2.3,10.7062937062937,10.4685314685315,97.5244755244755
0.3,4,73,6,7900,9.9,4.2,3,10.958041958042,10.958041958042,100
0,0,71,4.5,8400,6.2,2.1,-1.4,6,6,99.9370629370629
0,0,65,3.5,8300,5.8,-0.1,-3.3,5.31468531468532,5,99.3706293706294
0,0,58,3.5,7500,9.4,-2.1,-4.8,11.9160839160839,11,98.6083916083916
0,0,53,5.3,6300,12.9,-0.6,-4.1,13.3986013986014,12,97.7692307692308
0,0,50,6.3,5600,14.5,-1.2,-4.1,14.4895104895105,12.7202797202797,96.8321678321678
0,0,47,9.7,4200,17.5,1.8,-3.1,19,16,95.6083916083916
0,0,59,12.3,4300,19.4,5.9,0,22,18,94.013986013986
0,0,67,13.6,4400,19.8,7.6,2.1,21.8461538461538,17.034965034965,93
0,0,63,13,4500,20.5,5,0.9,23.5664335664336,18.5664335664336,91.9230769230769
0,0,63,11.9,4800,19.1,3.8,-0.2,21,16,90.7412587412587
0,0,60,10.6,5000,17.5,3.3,-0.1,18,14,89.9510489510489
0,0,68,4.4,8100,7,1.4,-1.6,5.17482517482518,5,89.8671328671329
0.1,4,63,4.1,7700,7.9,0.8,-2.9,8,7,89.2307692307692
2.1,4,59,4.3,7200,8.6,1.5,-2,7.98601398601399,6.70629370629371,89.7202797202797
0,4,57,3.3,7400,7,0.4,-1.6,9.98601398601399,8.27272727272727,89
0,0,55,3.1,7200,7.2,-0.7,-3.2,14.6433566433566,11.3006993006993,88
0.1,4,51,4.3,6400,9.7,-0.9,-3,16.8041958041958,13,87.006993006993
0,0,50,5.5,5700,9.2,1.3,-2.7,19.5314685314685,14.9370629370629,86
0,0,32,5.3,3900,12,-1.1,-5,24.2097902097902,18.1398601398601,85
0,0,48,10.1,3800,18.1,1.4,-3.2,25,19,83.8251748251748
0,0,66,13,4500,18.8,7.5,2,25,19,82.013986013986
0,0,76,15.6,4500,23,7.6,4.2,36.048951048951,26.6293706293706,80.2867132867133
1.2,4,77,13.9,4900,19.5,8.9,6.6,32.4545454545455,25.8951048951049,78.993006993007
3.3,4,112,12.2,7900,15.5,9.7,8.3,16.1398601398601,14.4825174825175,79.4545454545455
2,4,112,11.4,8300,14.8,6.4,3.5,16.986013986014,14,78.8391608391608
0.3,4,83,7.9,7800,12.4,4.9,4.7,16.0769230769231,13,77.958041958042
0,0,84,8.5,7600,10.5,7,6.2,9.98601398601399,8.13986013986014,77.7832167832168
0,0,74,9.8,6300,16.3,3.4,-0.8,21,15.048951048951,76.7412587412587
0.1,4,78,11,6100,18,4.7,0.3,25.6153846153846,18,75.2727272727273
0,0,73,9.7,6200,14.4,6.1,1.3,23.3566433566434,16.972027972028,74.1048951048951
0.6,4,79,8.9,6900,13.7,5.8,3.3,17.7062937062937,14.8671328671329,73.7482517482517
0,0,68,8.8,6100,13.4,5.5,1.3,19.3356643356643,13,72.7832167832168
0,0,65,8.7,6000,14.4,2.3,0.1,25.3216783216783,16.9510489510489,71.6153846153846
0,0,70,11.6,5300,17.8,5.3,2.8,35.2237762237762,21.9300699300699,69.9300699300699
0,0,75,14.5,4800,22.1,6.9,2.4,38.1258741258741,21.0699300699301,68.6573426573427
0,0,76,15.6,4500,22.5,6.8,2.7,36.7552447552448,18.8601398601399,67.2377622377622
0,0,69,11.4,5200,17.3,6.7,3.6,35.1328671328671,16.7972027972028,66
0,0,39,7.1,4000,11.2,2.3,-1,31.4125874125874,14,65.041958041958
0,0,46,8,4400,13.7,1.2,-3,28.8111888111888,11.7972027972028,64.2377622377622
0,0,54,10.3,4500,16.6,2.1,-1.3,30.020979020979,11.4335664335664,63.6433566433566
0,0,75,9.4,6500,14.7,4,0.8,25.8111888111888,8.95104895104895,62.9440559440559
0,0,78,9.2,6800,14.5,6.2,1.8,17.8601398601399,6,62.6293706293706
0,0,88,10.6,7200,19,4.1,0.1,29,8.92307692307692,61.8951048951049
1.1,4,88,16.1,5200,24.2,7.1,3,44.1048951048951,12.1678321678322,61.013986013986
6.2,4,122,14.3,7500,18.1,9.5,4.7,22.5454545454545,12,61.7062937062937
0,4,100,13.7,6700,19.8,8.1,3.7,29.0489510489511,11,60.986013986014
0.3,4,117,15.2,6800,22.7,9.2,5.8,26.8041958041958,18.6573426573427,62.1048951048951
1.7,4,112,11.2,8400,14.2,8.2,6.6,11.7412587412587,8.74125874125874,65
7.7,4,93,9.2,8000,11.5,7.3,7.1,10.1398601398601,8,66.7062937062937
1.2,4,92,8.5,8300,11,6,6.2,13.2517482517483,12.1678321678322,68.9300699300699
0,0,83,11.3,6400,16.2,6.6,3.5,28.041958041958,19.1188811188811,67.5104895104895
17.4,4,103,12.6,7200,21.1,4.6,1.7,26.5804195804196,21.0769230769231,68.1328671328671
1.3,4,114,12.3,8200,18.8,7.4,4.1,19,15.8391608391608,67.6573426573427
0.6,4,109,12.9,7500,17.8,9.8,7.1,20.2937062937063,15,67.0559440559441
23.6,4,121,12,8700,16.8,9.8,7.7,14.9370629370629,14,70.9300699300699
23.3,4,127,11.1,9600,13,10.1,10,11.013986013986,10.6223776223776,80.3216783216783
0,0,106,10,8700,13.9,7.2,3.4,16,13.6363636363636,79.4475524475525
0,0,91,13,6400,19.2,6.2,2.6,36,28.4335664335664,77.5594405594406
0,0,91,14.1,5800,20.6,6.8,3.8,39.993006993007,29,75.5314685314685
0,0,91,15,5700,21.5,6.8,3.4,41,28.1678321678322,73.5454545454545
0,0,103,15.9,5900,22.5,6.9,3.6,42.9300699300699,28.3566433566434,71.5664335664336
0,0,118,18.3,5800,24.7,10.6,7.2,44.8041958041958,28.0769230769231,69.5734265734266
0,0,119,20.3,5400,27.9,11,7.4,50,29.0629370629371,67.6083916083916
0,0,135,20.9,5600,28.1,13.9,9.1,45.8041958041958,29.1258741258741,66.0559440559441
0.4,4,113,14.1,7000,20.5,8.2,5,29.006993006993,20.3496503496504,66.993006993007
0.5,4,81,9.9,6800,14,5.3,2.1,22.6363636363636,13.7972027972028,66.2447552447552
0,0,78,9.2,6800,14.5,4,1.1,28.4825174825175,15.5454545454545,65.2237762237762
0,0,83,10.1,6800,16,3.5,0.3,30.7202797202797,16.3006993006993,63.993006993007
0,0,84,11.3,6500,17.4,4.2,1.3,32.8601398601399,15.4405594405594,62.9230769230769
0,0,65,12.5,4600,17.7,7.3,3.1,42.0559440559441,19.3356643356643,61.6573426573427
0,0,69,13.2,4700,19.1,4.9,1,45.027972027972,18.2937062937063,60.3636363636364
0,0,80,15.5,4800,21.8,5.8,2.3,49.1818181818182,17.979020979021,59.3076923076923
0,0,93,18.2,4700,24.8,9.8,5.8,55.2447552447552,17.5454545454545,57.8951048951049
0,0,88,17.4,4500,22.3,11.6,7.5,56.6223776223776,15.7832167832168,56.8181818181818
0,0,77,16,4400,22,8.4,4.4,53.0979020979021,13.0979020979021,55.8531468531469
0,0,89,16.3,5000,23,8.2,4.3,51.034965034965,11.4195804195804,55.3426573426573
0,0,82,13.7,5500,18.8,8.2,4.8,43.3636363636364,8.57342657342657,54.6713286713287
0,0,87,12.9,6100,20.5,5.4,2.6,40.4055944055944,7.44755244755245,54.1048951048951
0,0,97,13.9,6300,19.3,8.4,5.5,34.3286713286713,6.01398601398601,53.7272727272727
0,0,99,13,6700,18.1,9.2,5.5,26.1398601398601,4,53.4755244755245
0,0,94,15.2,5700,22.5,6.3,3.2,43.6713286713287,6.88811188811189,52.951048951049
0,0,111,16.8,5900,22.1,9.4,6.2,44.2097902097902,6.32867132867133,52.5524475524476
0,0,98,14.3,6300,20.7,7.8,4.1,39,6.27272727272727,52.2797202797203
0.1,4,76,11.2,5900,16.4,6,2.7,35.7552447552448,9,51.958041958042
0.8,4,80,9.4,6800,14.2,4.8,1.4,30.013986013986,9,52.1328671328671
4.4,4,99,10.9,7600,15.8,5.1,1.3,26.0839160839161,15.3076923076923,54.5244755244755
9.7,4,155,15.4,8900,20.3,12.4,11.2,27.4825174825175,20.6573426573427,56.7552447552448
0.4,4,113,14.6,7000,19.6,10.8,9.8,36.8811188811189,20.5314685314685,55.7272727272727
12.5,4,132,14.8,7900,19,12.3,10.8,27.0839160839161,19.8671328671329,59.0559440559441
3.6,4,146,14.7,8700,19.8,9,6.8,30.0559440559441,27.013986013986,63.2167832167832
0.4,4,136,14.5,8200,20.2,7.8,6.1,24.3286713286713,19,62.4335664335664
0,0,164,19.3,7400,25,14.1,10.8,43.5944055944056,27.9020979020979,60.5804195804196
8,4,175,20.2,7600,26.9,14.6,11.7,38.4405594405594,31.3076923076923,62.7762237762238
0,0,159,18.2,7700,21.5,13.7,11.7,35.3426573426573,30.4895104895105,63.2937062937063
0,0,121,15.6,6900,21.3,11,8.7,31.6153846153846,24,62.0909090909091
0,0,122,18,6200,24.2,9.8,8,45.9230769230769,30.8461538461538,60.013986013986
0,0,134,17.1,6900,21.8,12.5,9.4,29.2867132867133,22,59.8671328671329
6.6,4,143,15.9,7900,19.7,12.5,9.8,27.3846153846154,24.1048951048951,60.958041958042
2.7,4,138,16.4,7500,21.2,13.4,13,37.7202797202797,34.1048951048951,61.972027972028
16.9,4,142,14.3,8700,18,12.4,11.9,26.2377622377622,24,64.7062937062937
5.5,4,123,11.9,8800,14.1,8.5,6.8,30.4545454545455,29.3426573426573,70.5314685314685
0,0,113,13.9,7200,19.3,8.2,6.3,30.8041958041958,26,69.1888111888112
0.1,4,129,14.9,7600,18.9,10.3,7.6,28.965034965035,23.1048951048951,68.2447552447552
0,0,117,15.1,7000,21.1,8.2,6.3,39.993006993007,29.2307692307692,66.1678321678322
0,0,124,20.6,5400,28,11.1,9,60.8881118881119,42.027972027972,63.1608391608392
0,4,160,24.9,5300,32.3,15.3,13.3,66.1958041958042,43.0629370629371,60.3076923076923
5.4,4,199,24.6,6500,31.8,18.3,15.9,56.5174825174825,41.0979020979021,59.5594405594406
2.2,4,142,18.6,6700,22,13.4,11.7,30.9230769230769,27.979020979021,63.4475524475524
0,0,146,18.4,7000,24.1,11.9,10.2,38.1258741258741,27.1468531468531,61.6923076923077
0,0,144,20.6,6200,27.4,13,10.7,52.4965034965035,35.3006993006993,59.1678321678322
0,0,151,21.5,6100,27.4,15.1,12.6,50.3986013986014,31.2167832167832,56.986013986014
0,0,131,19,6200,24.1,13.1,11,52.2167832167832,29.0629370629371,55.1048951048951
0,0,107,19,5000,25.2,11.8,8.8,55.4965034965035,26.8111888111888,53.1048951048951
0,0,122,22.9,4700,30.4,12.6,9.4,64.8531468531469,26.4545454545455,51.4405594405594
0,0,159,25.5,5000,33.6,18.2,12.3,66,28.0909090909091,50.3146853146853
0.5,4,126,19.1,5700,22.6,13,8.7,46.8811188811189,20.9160839160839,49.7762237762238
0.2,4,140,17.9,6800,21.6,13,8.6,42.3566433566434,16.1888111888112,49.1888111888112
1.8,4,173,23.6,6100,29.5,18,14.6,51.3636363636364,15.2867132867133,48.3426573426573
18.4,4,195,20.9,7900,23.9,18.6,16.5,35.0839160839161,26,52.7482517482517
1.2,4,155,18.4,7300,22.8,14.9,13.8,31.6293706293706,22.1048951048951,52.2867132867133
0,0,193,22.2,7300,27.5,17.8,14.5,47.8881118881119,22.4125874125874,50.7972027972028
0,0,198,23.6,7000,30.3,17.8,14.8,51.6853146853147,21.4195804195804,49.2657342657343
0,0,165,23.9,5800,30.2,17.2,15,61.2727272727273,21.7902097902098,47.7762237762238
0,0,164,27.9,4600,35.4,17.3,14.2,67,19.4895104895105,46.5314685314685
6.1,4,185,26.8,5700,37.4,17.9,17.5,64.3776223776224,36.0559440559441,49.4895104895105
0,0,137,18.9,6500,24.5,14.7,12.5,49.6433566433566,18,48.2797202797203
0,0,117,18.7,5700,24.8,11.9,9.9,52.5524475524476,17.3286713286713,46.986013986014
1.6,4,116,20.3,5100,26,14.7,10.4,53.1328671328671,14.6853146853147,46.1678321678322
5.7,4,161,16.5,8600,19.2,15,14.9,21.7972027972028,16,49.7412587412587
0.6,4,149,16.6,7900,21,12.6,10.4,26.6573426573427,21.3636363636364,54.4825174825175
2.3,4,127,15.2,7400,19.1,11.9,10.6,31.1608391608392,22,53.5104895104895
0,0,138,17,7300,23,12.5,8.9,36.5384615384615,22.6503496503496,52.1468531468531
0,0,138,18.5,6600,25,10.7,7.4,40.4825174825175,22.0909090909091,50.7832167832168
0.1,4,158,18.8,7400,24.2,15.4,12.1,34.3986013986014,17.4825174825175,49.4615384615385
0,0,146,19.4,6700,26.3,14.8,11.7,41.3146853146853,19.4265734265734,48.3076923076923
0,0,172,20.1,7400,25.4,16.4,13.1,36.3566433566434,15.8531468531469,47.3146853146853
3.2,4,178,21.2,7200,26.6,15.5,11.6,36.4685314685315,21.041958041958,47.3076923076923
0.2,4,143,18.7,6800,24.6,13.9,12.2,42.5104895104895,24.2167832167832,47.4125874125874
7.3,4,155,16.2,8400,20.3,13.6,10.6,27.8951048951049,20.4125874125874,50.8321678321678
0,0,156,18.3,7600,24.5,13.4,11.1,32.2447552447552,17.7762237762238,49.8671328671329
0,0,164,20.9,6900,27.7,13.9,11.5,39.4195804195804,19.0769230769231,48.4895104895105
4.7,4,180,23.5,6500,29.7,16.7,14.3,50.8041958041958,25.7202797202797,46.8531468531469
10,4,201,21.1,8300,28.1,17.2,15.4,37.4615384615385,30.9300699300699,51.6013986013986
1.3,4,179,19.5,8000,25.5,16,14.2,32.6713286713287,27.5524475524476,52.7902097902098
0.7,4,166,18.6,7900,24.3,15.6,13.4,28.6223776223776,24.4965034965035,53.8811188811189
4.7,4,170,18.4,8100,23.3,15,12.3,32.4895104895105,23,52.3006993006993
0.1,4,174,19.1,8000,25.3,14.8,12.3,30.0559440559441,21,51.7482517482517
0.2,4,182,19.2,8300,24.7,14.8,11.5,28,19.013986013986,50.7832167832168
0.6,4,171,20.4,7300,26.4,14.8,11.3,37.0769230769231,25,49.7762237762238
2.3,4,164,18.3,7900,22.7,15.2,14.5,27.1398601398601,24.4825174825175,52.7132867132867
6.3,4,151,17.4,7700,22.4,13.6,9.9,28.2657342657343,25,53.2797202797203
2.6,4,141,17.2,7400,23.3,12.9,9.3,28.4755244755245,25.1818181818182,54.1608391608392
1.1,4,131,18.2,6400,23.6,13,10.5,31.6993006993007,25.1818181818182,52.6083916083916
0.6,4,164,17.3,8300,23,13.9,13.5,25.6853146853147,24.4615384615385,57.1468531468531
13.2,4,164,16,9100,20.5,13.9,11.6,26.0909090909091,25.5244755244755,59.4405594405594
0.7,4,155,15.8,8700,20.1,12.9,10.7,23.7692307692308,23.2657342657343,61.6083916083916
1.1,4,145,17.7,7300,23,13.9,13.2,33.3076923076923,30.6993006993007,60.7552447552448
6.2,4,180,20.3,7700,25.8,15.6,15.5,36.5384615384615,34.5104895104895,59.3566433566434
1.8,4,140,17.1,7400,21.9,11.7,10,35.2307692307692,33.979020979021,58.9300699300699
0,4,132,16.8,7100,22.4,11.3,9,32.1608391608392,25,57.1608391608392
0,0,131,20.1,5800,25.7,13.3,10.5,43.4755244755245,32,55.1678321678322
0,0,160,20.3,6700,24.4,15.3,11.6,37.0699300699301,26.0769230769231,53.4265734265734
0,0,157,20.8,6700,27.5,14.7,10.2,42.7342657342657,28.9370629370629,51.4545454545455
0,0,138,19.5,6400,26.5,12.5,8.5,39,24.5104895104895,49.8461538461538
0,0,128,22.2,5100,29,14.3,10.5,44.7832167832168,25.5454545454545,48.027972027972
0,0,151,24.4,5100,31.7,14.2,9.7,48,23.5874125874126,46.4965034965035
0,0,194,27.1,5600,34.7,19.7,15.2,46,19.4475524475524,45.1538461538462
0,0,211,26.5,6400,34.5,20.3,16.4,40,15.5104895104895,44.3146853146853
0,0,184,23.2,6700,29.8,18,14.6,42.2797202797203,14.7552447552448,43.3356643356643
0,0,161,18.3,7600,20.5,12,7.6,23.4125874125874,7.89510489510489,43.013986013986
0,0,141,15.9,7800,20.1,10,6.3,24.9440559440559,8.81818181818182,42.5034965034965
0,0,142,19.9,6500,26,13.5,8.9,37.8601398601399,10.048951048951,41.7972027972028
0,0,137,21.6,5600,29.8,13.1,8.6,41.7622377622378,9.74125874125874,41.1258741258741
0,0,141,18.3,6900,24.9,13.5,9.8,31.0979020979021,7.11188811188811,40.7342657342657
0,0,125,17.8,6300,24.8,12.3,7.2,34.2237762237762,6.81818181818182,40.2167832167832
2.2,4,113,15.2,6600,19.2,11.2,6.7,21.3146853146853,4.8041958041958,39.993006993007
0,4,119,14.6,7300,19.8,10,5.9,22.7482517482517,7.60839160839161,39.8881118881119
0,0,105,14.4,6700,21.5,9.1,4.8,25.5314685314685,4.92307692307692,39.5664335664336
0,0,106,16.3,6100,23.8,7.7,3.2,31.7622377622378,5.18881118881119,39.1818181818182
0,0,119,20.6,5100,28.5,12.1,8,40,6.36363636363636,38.8391608391608
0.2,4,164,21.1,6800,28.4,15.4,10.6,29.6783216783217,7.62237762237762,39.1048951048951
10.6,4,184,19.2,8300,24.7,14.5,10.9,21.4195804195804,11.979020979021,41.3216783216783
1.1,4,154,18.1,7700,25.2,13.9,10.9,28.034965034965,13.041958041958,40.8601398601399
0.1,4,148,17.8,7400,23.6,14.3,11,24.6083916083916,10,40.4125874125874
18,4,167,19.2,7500,24.5,15.4,10.8,21.5244755244755,11.7202797202797,41.1748251748252
0.5,4,175,18.2,8446,23.4,15.2,12.5,21.4125874125874,17.5944055944056,47.5104895104895
0,0,135,18,6696,22.6,13.7,10.1,27.7762237762238,16.986013986014,46.2867132867133
0,4,166,20.1,7075,25.2,16.2,14.1,26.1398601398601,19.5104895104895,47
1.5,4,159,19.4,7150,23.5,14.9,13.9,23.6083916083916,17.041958041958,46.979020979021
10,4,154,14.9,9058,20.2,11.7,8.5,21.0559440559441,16,46.9090909090909
0,4,133,17,7121,23.1,10.7,7.3,28.0559440559441,17,45.6013986013986
0,0,125,20.1,5500,27.2,13.8,10.5,38.027972027972,21.7832167832168,44.1818181818182
8.7,4,175,18.8,8054,22.7,16.7,12.8,16.986013986014,13.020979020979,45.6433566433566
11.4,4,159,14.7,9475,17.4,10.8,7.8,9.14685314685315,7.38461538461539,61.8391608391608
0.2,4,136,14.9,8121,21.1,10.2,7.5,19.1818181818182,14.8811188811189,60.7482517482517
5.8,4,143,15.4,8238,20.2,11.7,9.4,20.972027972028,19,62.2657342657343
0.1,4,120,14.5,7308,18.4,11.3,7.5,19.0909090909091,16,62.1118881118881
10.9,4,131,14.9,7871,20.6,11.4,7.7,20.7972027972028,20.013986013986,66.041958041958
9.8,4,130,14.8,7813,19.8,10.2,7.3,21.0699300699301,19.9020979020979,66.034965034965
0.2,4,145,16.9,7558,20.5,14.5,12.2,28.9440559440559,27.3986013986014,68.7272727272727
0,0,117,15.3,6738,19,12.7,9.6,20.3566433566434,19.1048951048951,69.3916083916084
0.3,4,132,14.8,7863,17.8,11.5,8.8,13.7342657342657,12.4265734265734,68.9300699300699
0,0,163,17.8,7963,20.5,15.7,12.5,15.9020979020979,13.0979020979021,68.3146853146853
0,0,164,20.8,6838,27.5,15,10.9,26,20.2517482517483,66.9370629370629
1.9,4,177,22.3,6558,28.7,16.7,10.8,25,20,65.7482517482517
0.2,4,139,15.3,7871,22,8.9,5.9,14.986013986014,14,67.3636363636364
0,0,99,11.6,7371,17.6,7.9,4.7,14,11.979020979021,68.2447552447552
0,0,99,12.1,7067,17.5,6.5,3.1,15.7972027972028,13,68.4895104895105
0,4,84,11.5,6275,16.4,7,4,14.951048951049,11.5944055944056,71.2517482517483
0.4,4,88,9.9,7204,11.1,9,7.8,12.048951048951,9.82517482517482,71.5664335664336
1.7,4,108,11.7,7863,14.9,8.9,7.5,12.9090909090909,11.3496503496504,71.041958041958
0,0,129,13,8633,17.6,10.2,7.9,9.03496503496504,7.18181818181818,70.1888111888112
0,0,134,14,8425,19.3,9.1,4.9,12,9,69.4055944055944
0,0,131,13.7,8425,19.7,9.9,5.3,10.4195804195804,8.86013986013986,69.4755244755245
0,0,120,11,9138,14.3,8.5,4.4,9.97202797202797,7.62937062937063,68.9230769230769
